row_type,id,parent_id,label,description,detail_1,detail_2
meta,title,,,Recovery Readiness Framework & Assessment Tool,,
meta,short_title,,,RRFAT,,
meta,version,,,1.0-prototype,,
meta,organization,,,International Recovery Platform (IRP),,
meta,parent_organization,,,UNDRR,,
meta,last_updated,,,2026-04-01,,
meta,introduction,,,"This assessment helps countries evaluate their readiness for post-disaster recovery across governance, finance, capacity, and data and knowledge.",,
meta,score_field_label,,,Score,,
meta,narrative_field_label,,,Justification and narrative,,
meta,narrative_field_placeholder,,,"Describe the situation, what exists, what is missing, and the reasoning behind your score.",,
meta,evidence_field_label,,,Evidence and sources,,
meta,evidence_field_placeholder,,,"Policies, laws, documents, interviews, or other sources supporting this score.",,
score_anchor,1,,Early stage,No or very limited formal mechanism or policy exists; no implementation in place.,,
score_anchor,2,,Developing,A draft policy or framework is under development or pilot stage; actions are largely reactive.,,
score_anchor,3,,Partially functional,Policy/legal framework exists but with ad hoc or inconsistent implementation.,,
score_anchor,4,,Functional,"Policy/legal framework exists with consistent, system-wide implementation; has supported past recovery.",,
domain,1,,GOVERNANCE,,,
domain,2,,FINANCE,,,
domain,3,,CAPACITY,,,
domain,4,,DATA AND KNOWLEDGE,,,
area,1,1,"Policies, Strategies, and Frameworks",,,
area,2,1,"Institutional and Legal Arrangements, Coordination and Planning",,,
area,3,1,Inclusive and Accountable Governance,,,
area,4,2,Public Financial Management,,,
area,5,2,Recovery Financing Strategies and Instruments,,,
area,6,2,Private Sector Engagement and Delivery of Recovery Support,,,
area,7,3,Human Resources and Technical Capacity,,,
area,8,3,Local Recovery Capacity and Community Engagement,,,
area,9,3,Sectoral Readiness and Continuity of Essential Services,,,
area,10,4,Pre-Disaster Data and Risk Information,,,
area,11,4,Damage and Needs Assessment Systems,,,
area,12,4,"Monitoring, Evaluation, and Learning for Recovery",,,
indicator,1,1,"Does the country have a national framework for long-term disaster recovery, with clear roles, responsibilities, and coordination arrangements?","Whether the country has established the national-level arrangements for how it will organise, coordinate, and manage long-term disaster recovery across sectors, including clear roles, responsibilities, and coordination mechanisms.","A national recovery framework or strategy is the backbone of recovery governance: it sets out who does what, when, and how for recovery across government. When this is strong, recovery is faster, more coordinated, and better linked to risk reduction, development, and financing decisions. When it is weak or absent, recovery may be improved and/or delayed, suffering from overlaps, gaps, and missed opportunities to reduce risk and build back better.","Does the framework address recovery across multiple hazard types?
Which sectors are covered? Are any key sectors missing or poorly addressed?
Has the country articulated a recovery vision (what recovery is trying to achieve) that is endorsed at the highest political level and shared across sectors?
Is there a shared understanding of what readiness for recovery means — do the key institutions agree on the importance of readiness and on what needs to be in place before a disaster?
Are the roles and responsibilities of lead agencies, line ministries, finance and planning ministries, and sub-national governments clearly defined for recovery?
Is recovery organised under a framework that links portfolios, programmes, and projects across sectors? It is managed under a central oversight function — or does each sector manage its own recovery independently?
Does the framework describe coordination arrangements with non-governmental partners?
Does the framework define how recovery investments and projects are prioritised?
Is there a defined process for activating recovery coordination?
Are there pre-agreed procedures for making rapid adjustments, such as fast-tracking procurement, building permits, or land-use rules, while still managing risk?
How often is the framework reviewed and updated?
Has the framework been tested through simulation exercises or table-top drills involving key recovery actors?
Are after-action reviews conducted, and do their findings feed back into revisions of the framework?
In recent disasters, was the framework used? What concrete decisions did it shape?"
indicator,2,1,Does the country regularly assess its readiness for post-disaster recovery?,"Whether the country periodically re-assesses how ready it is for recovery, identifies gaps, and has plans to address them.",Countries that assess their own recovery readiness discover can discover their gaps only when a disaster exposes them.,"How often is recovery readiness assessed?
Does it examine readiness across the country’s main hazard types?
Does it distinguish between response readiness and recovery readiness?
What agencies are involved in the assessment?
Do assessments produce specific, prioritised recommendations?"
indicator,3,1,Do key ministries and sectoral agencies have formal recovery strategies?,Whether individual government ministries and agencies have their own written plans for how they would restore services and rebuild in their sector after a disaster.,"Without sectoral strategies, each ministry improvises independently, which can create gaps, overlaps, inefficient use of resources and delays.","Which sectors have formal recovery strategies? Which critical sectors do not?
Have the key sectors assessed their recovery capacities, including its technical workforce, systems, and institutional arrangements to implement their strategies?
Do the sector strategies specifically address recovery and reconstruction?
Do they address how the sector will build back better through recovery?
Do sectoral strategies align with the national recovery framework (Indicator 1) — or were they developed independently?
Where recovery cuts across sectors is it clear who leads and how they coordinate?"
indicator,4,1,"Are recovery strategies aligned with national development plans, disaster risk reduction strategies/plans and climate policies?","Whether recovery plans are connected to the country's broader development, climate, and risk reduction goals — so that recovery and building back better contributes to the longer-term vision and priorities for the country.",Alignment ensures that resources spent on recovery advance long-term resilience and development — and that recovery doesn't undermine what other policies are trying to achieve.,
indicator,5,1,Is the protection of cultural heritage and cultural assets integrated into recovery frameworks?,"Whether recovery plans include the protection and restoration of cultural assets — historic buildings, sites, traditions, and practices that matter to communities.","Cultural assets give communities identity, cohesion, and economic livelihood. When heritage is destroyed and not recovered, communities lose lose the social fabric that supports collective recovery.","Does the country have an inventory of cultural heritage assets that would need protection or recovery after a disaster?
Are cultural assets assessed for their vulnerability to the country’s main hazard types?
Not sure this feels complete"
indicator,6,1,"Is public health, including psychosocial support, integrated into disaster recovery planning?",Whether recovery plans include both the restoration of health services and the provision of mental health and psychosocial support for disaster-affected populations.,Health service recovery and sustained psychosocial support are essential to the recovery of communities and individual wellbeing.,"Does the health sector have its own recovery plan after a disaster?
Are there plans for surge health capacity during the recovery phase?
Are backup arrangements in place for when health facilities are damaged or destroyed?
Is sustained psychosocial support included in recovery plans?
Is there trained human resource capacity for psychosocial support at scale?
Are there arrangements for coordinating health recovery with other sectors?"
indicator,7,1,"Does the country have policies or guidelines for managing disaster-induced displacement, including pre-identification of shelter sites and criteria for relocation?","Whether the country has planned in advance for how it will support people displaced by disasters, including where they will go and under what conditions they may be permanently relocated.","Displacement is one of the most immediate and persistent consequences of disasters. Without pre-planned shelter, relocation criteria, and transition plans, displaced populations face prolonged uncertainty that compounds their vulnerability.","Pre-disaster planning
Has the country pre-identified potential shelter and evacuation sites? Are these sites themselves safe from hazards?
Are there plans for transitional shelter — the period between emergency shelter and permanent housing solutions?
Has the country pre-identified, based on existing risk assessments, areas where return after a disaster would not be safe?
Have potential relocation sites been pre-assessed — for safety from hazards, access to services, livelihood opportunities, and community acceptance?
Does the country have the technical capacity to conduct rapid post-disaster land use assessments — determining where it is safe to rebuild, where it is not, and where alternative sites are needed?
Are there criteria for when permanent relocation is necessary?
Is there a process for consulting affected communities about where they will go and what support they will receive?
Are land and property rights addressed, including documentation of land tenure before a disaster, so that disputes don’t block return or resettlement?
Do displacement management plans address the specific needs of women, children, elderly people, and persons with disabilities — including safety, access to services, and protection from exploitation?
Are host communities considered — the people who live near displacement sites and absorb the pressure of displaced populations arriving?
Are there clear pathways planned from temporary shelter through transitional housing to permanent solutions?"
indicator,8,2,Does the country have a legal or policy basis for disaster recovery?,"Whether the country's legal and policy framework establishes the institutional authority, enabling powers, and operational mechanisms needed to conduct disaster recovery — including who leads, what authority they have, how the transition from response to recovery works, and what legal provisions exist to enable recovery actions such as expedited procedures, financial mechanisms, and land-use decisions.","Recovery often falls into a legislative gap. Many countries have detailed legal frameworks for disaster response but recovery is either absent from legislation or unclear. When this happens, recovery after a disaster operates without legal backing, leading to confusion over who leads, what authority they have, and what rules apply. Without a clear legal basis established before a disaster the country will have to invent the rules under pressure.","Does the legal framework assign and empower a lead institution for recovery coordination?
Does it specify roles for line ministries and sub-national government in recovery?
Does the legal framework define the transition from emergency response to recovery — when recovery authority activates, how responsibilities shift, and when recovery-specific powers and arrangements come to an end?
Are there legal provisions for fast-tracking permits, procurement, or building approvals during recovery?
Does the legal framework provide for temporary modification of regulations during recovery while still managing risk?
Does the legal framework establish or enable emergency financial mechanisms for recovery, such as budget reallocation, contingency funds, or special appropriations?
Does the legal framework provide authority for post-disaster land-use review — including the power to restrict redevelopment in high-risk areas, amend zoning, and acquire or designate land for relocation where necessary?
Does it include provisions for the participation of affected communities and at-risk groups in recovery decisions?
Is the legal basis for recovery established in permanent legislation rather than created ad hoc after each disaster?"
indicator,9,2,Are there mechanisms for the national government to support local governments in preparing for and managing disaster recovery?,"Whether the national government has established ways to help sub-national governments prepare for and manage recovery, through capacity building, pre-agreed support arrangements, and clarity on roles.","In many countries, local governments manage their own communities’ recovery but have the least resources, authority, and technical capacity. When the national government has not invested in local recovery capacity before a disaster, and has not pre-agreed how it will support local governments local priorities and needs are often missed, local institutions accountable to the affected people may be bypassed, and local economies may lose out to centrally driven procurement and programming.","Does the national government invest in building local government capacity for recovery between?
Are there pre-agreed mechanisms for the national government to provide support to local governments after a disaster (e.g. surge staffing, resources, etc)?
Is it clear what the national government will provide and what local governments are expected to manage on their own?
Do local governments have the authority to procure goods and services for recovery, or must everything be approved at the national level?
Are there provisions for fast-tracking local procurement during recovery?
Do local governments have their own financial resources for recovery?
Are mechanisms in place to ensure that national recovery support reaches marginalised and remote communities, not just administrative centres?"
indicator,10,2,Are there pre-established procedures to request or conduct post-disaster damage and recovery needs assessments?,Whether the country has established procedures and designated institutions to conduct post-disaster damage and needs assessments when needed with an agreed methodology.,"Recovery depends on damage and needs assessments to inform planning, prioritization, resourcing.","Is there an agreed methodology for conducting post-disaster damage and recovery needs assessments — whether the country's own or an internationally recognised framework such as the PDNA?
Is the methodology formally accepted and adopted across the key recovery agencies?
Does the methodology assess direct and indirect losses?
Does the country have the capacities needed to conduct the assessment?
If external support is needed, are there pre-agreed arrangements for requesting and receiving it — so the country is not starting from scratch after each event?
Do sub-national and local governments have the capacity to participate in or lead assessments at their level?
Is there a rapid assessment methodology that can produce initial estimates in the first days or weeks, before a full assessment is completed?
Are assessment results formally tied to recovery financing and planning?
Does the methodology require collection of sex-disaggregated data across all sectors assessed?"
indicator,11,2,"Are national and local Emergency Operations Centers (EOCs) operational, with adequate capacity and emergency communications?","Whether the country has emergency operations centres, and whether they are staffed, equipped, and able to function as the coordination hub during and after disasters.","EOCs are critical to disaster coordination in practice. If they are not fully operational, it harms intersectoral coordination and the transition between emergency response into longer-term recovery.","Do EOCs exist at the national level? Sub-national levels? Where are the gaps in coverage?
Do EOCs have documented standard operating procedures?
Are EOCs permanently staffed? Is there sufficient trained staff to sustain EOC operations over time?
Are EOCs equipped and mandated for multi-sector coordination — bringing together line ministries, sub-national governments, and non-government partners — or are they primarily a civil protection/response function?
Are EOCs tested regularly through exercises and scenarios?"
indicator,12,2,"Does the country have agreements for disaster recovery cooperation — whether bilateral, regional, or between levels of government?","Whether the country has pre-arranged agreements — bilateral, regional, or between levels of government — for accessing additional support during recovery.","Large disasters regularly overwhelm a single government’s capacity to manage recovery. Pre-arranged cooperation agreements can mobilise additional expertise, workforce, materials, and institutional support.","Has the country assessed and identified gaps in its recovery workforce and technical capacity — including the skills of existing staff and whether it has enough people to manage recovery at the scale a major disaster would require?
Does the country have bilateral agreements with other countries that cover recovery cooperation (not just response)? What do these agreements provide for?
Is the country a member of or participant in regional mechanisms that provide recovery support?
Are there operational protocols for how the country would access these mechanisms for recovery?
Do sub-national governments (states, provinces, municipalities) have mutual cooperation agreements with each other for recovery support? Are there arrangements for sub-national governments from unaffected areas to provide support to affected jurisdictions?"
indicator,13,3,"Does the country have coordination mechanisms to engage non-government stakeholders, including civil society, the private sector, and academia, in recovery planning?","Whether civil society, the private sector, academia, and other non-government actors have a formal role in recovery planning and decision-making.","Recovery is an all-of-society effort. Civil society, the private sector, and academia and other non-governmental actors play significant roles in recovery, and pre-established coordination mechanisms ensure their engagement is strategic and coordinated, and prevents fragmentation of efforts. Formal coordination also gives government a channel to understand these actors' specific needs, capacities, and objectives.","Are there formal mechanisms — such as platforms, committees, or working groups — through which non-government actors participate in recovery planning?
Are these mechanisms standing (active between disasters) or established only after a disaster occurs?
Which types of non-government actors are included? Which are absent?
Is private sector engagement structured around pre-agreed roles?
Is academia or the research community involved in generating evidence for recovery planning, evaluating recovery outcomes, or providing technical advisory support?
Are professional and industry associations — such as engineering bodies, construction industry groups, or agricultural extension networks — formally engaged in recovery planning, and are there pre-established arrangements for them to provide technical advisory support, quality assurance, or tender evaluation during recovery?"
indicator,14,3,Are recovery simulation exercises conducted regularly?,"Whether the country practises recovery through simulation exercises that test coordination, decision-making, and resource allocation under realistic scenarios.",Simulation exercises are the only way to test whether recovery arrangements actually work before a disaster forces them to.,"Do the exercises specifically test recovery scenarios or are they limited to emergency response drills?
Do exercises involve multiple levels of government (national, sub-national, local)?
Are non-government actors included — private sector, civil society, communities?
Do exercises test multiple hazard scenarios?
Are the findings from exercises used to revise recovery plans, policies, or institutional arrangements?"
indicator,15,3,Are there policies and mechanisms to ensure recovery is informed by and addresses the needs of at-risk and vulnerable populations?,"Whether the country has established the policies, data, and mechanisms needed to ensure that recovery reaches all groups equitably, particularly those who face the greatest barriers to recovery.","Disasters do not affect everyone equally - many face different and often greater barriers to recovery. If recovery planning does not actively identify these populations, understand their specific needs, and build in mechanisms to address them, recovery risks deepening inequality rather than reducing it.","Has the country identified, before a disaster, which population groups are likely to face the greatest barriers to recovery and why?
Is disaggregated baseline data available (by sex, age, disability, displacement status, and other relevant dimensions) to inform recovery targeting?
Are there mechanisms for at-risk and vulnerable populations to participate in recovery planning?
Which groups are formally included in these mechanisms? Are there groups that are systematically absent from these mechanisms?
Do recovery frameworks and plans include specific, differentiated measures for these groups?
Are recovery resources targeted based on differential needs?
Are the mechanisms for inclusive recovery linked to existing social protection systems, registries, or community networks that can be activated quickly?"
indicator,16,3,"Do recovery policies and strategies integrate traditional, indigenous, and local knowledge?","Whether recovery policies draw on the knowledge and practices of local, traditional, and indigenous communities.","Local and indigenous communities often hold knowledge about hazards, construction, agriculture, and land management that are locally proven, culturally appropriate, and often more resilient than alternatives.","Is there a process for systematically identifying traditional, indigenous, and local knowledge relevant to recovery?
Are traditional knowledge involved in recovery planning processes?"
indicator,17,3,Are there mechanisms to build public awareness and understanding of disaster recovery?,"Whether the country actively informs the public about what disaster recovery involves, how it works, and what people can expect and contribute.","When the public does not understand how recovery works, expectations are unrealistic, trust erodes, and misinformation fills the gap.","Does the country have programmes or campaigns to help the public understand what recovery process looks like, what their rights and responsibilities are, how resources are accessed, and how to participate?
Is there public communication about disaster risk and the importance of building back better?
What communication channels are used (e.g. digital platforms, social media, radio, television, community meetings, print materials)?
Do these channels reach populations that are hardest to reach — rural communities, linguistic minorities, persons with disabilities, elderly people?
Does the country use social media and digital platforms strategically for recovery communication?
Are there mechanisms for the public to provide feedback, raise concerns, or contribute information during recovery?"
indicator,18,3,Does the country have mechanisms to track and publicly report on recovery progress and spending?,Whether the government tracks recovery progress and spending and makes this information publicly available.,"Tracking recovery progress and spending serves multiple purposes. It enables accountability. Affected populations and oversight bodies can verify that resources are reaching those who need them and being used properly. It supports course-correction. Decision-makers can identify where recovery is falling behind and adjust priorities or implementation. It informs coordination. Sectors and actors can see where gaps and overlaps exist. And when this information is publicly accessible, it helps affected populations make informed decisions about their own recovery.","Are there pre-agreed indicators or benchmarks for measuring recovery progress (e.g. percentage of housing rebuilt, services restored, livelihoods recovered)?
Is there a system for regularly collecting and reporting data on recovery progress across sectors?
Do recovery implementing agencies have functioning project-level monitoring and evaluation systems, tracking implementation quality, cost, and timelines at the project level?
Is recovery spending tracked and reported publicly — can the public see how much was allocated, how much was spent, and on what?
Is recovery monitoring information accessible to the public, affected communities, and oversight bodies?
Are there mechanisms for communities to report on whether recovery is reaching them?
Does the country use digital tools for recovery monitoring (e.g. online dashboards, open data portals, GIS-based tracking)?
Is recovery financial data published through digital platforms that allow public scrutiny (e.g. open spending portals, machine-readable budget data)?
Can monitoring data be disaggregated — by sector, geography, population group — to identify where recovery is and isn’t reaching?"
indicator,19,4,"Does the country have a diversified and pre-arranged set of financial mechanisms to support recovery, ensuring sufficient and timely access to funds when needed?","Whether the country has the range of financial instruments it would need to fund recovery, and has these instruments arranged and ready to activate before a disaster occurs.","Recovery after a major disaster requires more money, faster, than normal government budgeting can deliver. A single financial instrument is rarely sufficient on its own to support large-scale recovery. Different instruments cover different hazards, phases, and scales — and any single one can fail to deliver when needed, whether because a parametric trigger doesn't activate, a fund is exhausted, or financing arrives too late to prevent irreversible losses. Countries that have pre-arranged a portfolio of instruments before a disaster can avoid gaps in resources, mobilise resources faster, sustain financing, and avoid the shock of a government scrambling for funds after the event.","What financial mechanisms are in place for recovery — contingency funds, budget reallocation rules, insurance, credit lines, donor pre-commitments, sovereign risk pools? How many of these are actually operational?
Is the combined capacity of all instruments estimated to be sufficient for a large-scale disaster, or are there known financing gaps?
Do financing mechanisms account for the costs of building back better — not just replacing likely damage?
Are these mechanisms pre-arranged — agreed and ready to activate before a disaster?
Are there clear triggers or criteria for activating each mechanism — so that decision-makers don’t have to negotiate access under pressure?
What happens if a disaster exceeds what the existing instruments can cover? Is there a plan for closing the gap?"
indicator,20,4,"Does the country have financial management systems to track and account for recovery funding, with adequate transparency and oversight?","Whether the country can track where recovery money comes from, where it goes, and whether it is spent as intended, with adequate oversight to prevent misuse.","Recovery involves large amounts of money moving quickly through systems not designed for emergency speed, often from multiple sources, and often over several years. Without financial management systems that can handle this — creating space for unplanned multi-year expenditure, coordinating multiple funding streams, supporting sound prioritisation under changed conditions, and maintaining transparency — recovery is slower, less well targeted, and vulnerable to waste and misuse.","Are recovery funds channeled through the national budget and public financial management system, or through parallel arrangements that are harder to track?
Can the government identify how much has been spent on recovery, by sector, by location, and by funding source? Or is recovery spending mixed in with routine expenditure?
Where recovery financing comes from multiple sources — government budget, donors, private sector — can the PFM system track and coordinate these streams so that gaps and overlaps are identifiable?
Is recovery expenditure information publicly accessible — so that the public can see where money is going?
Are there specific audit arrangements for recovery spending during implementation when the risk of misuse is highest?
Is there a mechanism for flagging and investigating irregularities in recovery spending?
Can the PFM system accommodate multi-year recovery expenditure — or is it limited to annual appropriations that require re-approval each year?
Are there mechanisms for in-year budget adjustment after a disaster — such as supplementary budgets, virements, or drawdown from reserves — and is it clear who has authority to activate them?
Can the financial management system handle the speed and volume that recovery demands — disbursing large amounts quickly while maintaining controls?
Are there simplified or fast-tracked financial procedures that can be activated for recovery without abandoning accountability?
Does the government have pre-established procedures for conducting a post-disaster budget review — including estimating fiscal impact, identifying reallocation options, and classifying recovery expenditure within the national budget?
Has the country pre-established the governance structure, procedures, and controls for a recovery fund — even if unfunded — so that when a disaster occurs, money can flow through a system that has already been designed and tested?"
indicator,21,4,Does the country have mechanisms to transfer recovery funds to local governments?,Whether there are established channels for getting recovery funds from the national level to local governments quickly enough to support implementation on the ground.,"If fund transfer mechanisms are slow, local governments cannot act — and recovery stalls even when funds are available nationally.","How quickly can recovery funds reach local governments after a disaster? Are there pre-agreed timelines, or does each transfer require case-by-case negotiation and approval?
Do local governments have discretion over how transferred funds are used within recovery priorities, or must they follow rigid central prescriptions that may not match local conditions?
Do local governments have the financial management capacity to absorb and account for recovery funds?"
indicator,22,4,Are social protection programmes integrated into financial mechanisms for disaster recovery?,Whether existing social protection systems are designed to scale up and deliver recovery support to affected households and individuals,"Disasters cause sudden income loss and livelihood disruption. Without pre-arranged support channelled through social protection systems, vulnerable households adopt coping strategies that deepen long-term poverty and slow recovery.","Does the country have national safety net programmes (e.g. cash transfers, food assistance, public works) that reach the poorest and most vulnerable households?
Are safety net programmes reaching households in areas with the highest disaster risk? Are there known gaps, e.g. geographic areas, certain populations, that fall outside existing coverage and are likely to be missed in a disaster?
Are existing safety net programmes designed, or legally mandated, to scale up the amount or duration of payments to current beneficiaries in the event of a disaster? Are there policies or procedures in place for this? Are there provisions for extending coverage to those who are not current programme beneficiaries?
Are there pre-defined criteria or triggers that activate emergency scale-up — for example, a formal declaration of disaster, or a threshold in early warning data?
Is there a social registry of vulnerable households, including coverage in disaster-prone areas? How frequently is it updated?
Are payment mechanisms — bank transfers, mobile money, or cash distribution networks — available and tested in contexts where infrastructure may be disrupted?
Are contingency funds or pre-committed budget allocations designated to allow safety net programmes to scale up after a disaster? Who controls access and under what conditions? Are the estimated costs of emergency safety net scale-up included in the country’s disaster risk financing plans?
Are there protocols between the social protection ministry or agency and the national disaster management authority for activating and coordinating safety net programmes during disaster recovery?"
indicator,23,4,Does the country have a diversified set of domestic financial instruments that can be mobilised after a disaster to fund recovery?,"Whether the country has a range of domestic financial tools — such as contingency funds, budget reallocation rules, insurance, or credit lines — that can be activated after a disaster to fund recovery.","A range of domestic instruments that the government can activate on its own authority provides faster, more predictable financing and reduces dependence on external resources that may arrive late, come with conditions, or not arrive at all.","Does the country have pre-established procedures for mobilising funds after a disaster, such as emergency budget reallocation or supplementary budgeting?
Does the country have financial instruments that provide pre-committed or rapidly accessible financing after a disaster, such as contingent credit lines, insurance, or parametric products?
Are remittance flows recognised as a source of household-level recovery financing, and are there measures to facilitate or protect remittance channels after a disaster?
Are rapid disbursement procedures in place and tested? Do they include anti-corruption safeguards specifically designed for emergency contexts, where normal procurement and oversight controls may be under pressure?
Do the country’s financial instruments cover short, medium, and long-term recovery needs?
Are there pre-established rules governing cost-sharing between national and sub-national governments for recovery expenditure?"
indicator,24,4,Does the country have programs to support the recovery of businesses after disasters?,"Whether the country has programmes to help businesses, including small and medium enterprises, to recover operations after a disaster.","The economic damage from a disaster compounds when businesses cannot reopen quickly. Jobs disappear, supply chains break, tax revenues fall, and communities lose services they depend on. Most governments have reasonably developed social protection systems for affected households but little or nothing pre-designed for businesses. Countries that have to design eligibility criteria, negotiate funding, and identify delivery channels under pressure after a disaster lose weeks or months that businesses spend closed. Pre-designed programs are faster, fairer, and more effective.","Are business recovery programs designed, funded, and ready to activate before a disaster?
Are eligibility criteria, targeting rules, and application procedures pre-agreed, so they don’t need to be negotiated under pressure?
Are delivery channels — banks, SME agencies, development finance institutions — pre-identified and tested so they can disburse quickly?
What types of support are available — emergency loans, grants, tax deferrals, credit guarantees, working capital support, liquidity support, advisory services, value-chain restoration?
Do programs cover businesses of different sizes?
Are there pre-established mechanisms to assess business damage quickly after a disaster, so that programs can be targeted and scaled to actual need?"
indicator,25,4,Does the country have funding mechanisms that communities can access directly to support their own recovery priorities?,Whether community groups can access recovery funding directly to implement their own priorities.,"Community-driven financing mechanisms — small grant funds, participatory budgets, community recovery windows — can produce faster and more contextually appropriate recovery outcomes because communities know their own priorities better than external assessors.","Are there funding mechanisms — small grants, community recovery windows, participatory budgeting, village funds — through which community groups can access recovery resources directly?
Are these mechanisms designed for recovery specifically, or are they general community development funds that can be repurposed after a disaster?
Do communities decide their own recovery priorities with these funds, or must they follow centrally determined options?"
indicator,26,5,Does the country have a holistic national disaster risk finance strategy?,"Whether the country has a documented strategy that sets out how it will finance disaster recovery — covering likely needs, funding sources, and how different instruments work together.","A disaster risk finance strategy allows a country to match its financing instruments to its actual risk profile — sizing them to likely needs, sequencing them across the phases of recovery, and integrating them into the national budget cycle so that funds are available and can move when they are needed. A well-designed strategy treats the full portfolio of instruments as a system, identifying where coverage exists, where gaps remain, and what needs to be built. When a strategy is in place and operational before a disaster, the country can fund recovery as a planned fiscal event rather than an improvised one.","Does a written strategy exist? Is it approved at a senior level of government, or still in draft?
Does the strategy cover all phases of disaster financing — immediate response, early recovery, and long-term reconstruction?
Does the strategy estimate the likely cost of disasters based on the country's risk profile, and identify how those costs would be covered?
Does the strategy account for indirect economic losses — such as disrupted livelihoods, lost revenue, and reduced economic output — and not only direct physical damage?
Does the strategy show how different financing instruments are layered to work together — with different instruments covering different levels of severity and different phases of recovery — rather than listing them separately?
Does it identify financing gaps and propose actions to close them?
Are the instruments in the strategy actually operational, or are some still planned or under development?
Is the strategy integrated into the country's core fiscal planning processes — medium-term expenditure frameworks, annual budget preparation, and fiscal risk reporting — or does it exist as a standalone document?
Is the strategy reviewed and updated regularly — including after disasters that test whether the financing arrangements worked?
Does the strategy account for the additional cost of building back better — recognising that resilient reconstruction costs more upfront but reduces future losses?"
indicator,27,5,Are recovery financing mechanisms coordinated with humanitarian funding streams and donor coordination platforms?,Whether the country has pre-established arrangements for how its own recovery financing will work alongside humanitarian funding and international donor contributions.,The failure to coordinate government and humanitarian/donor financing is one of the most consistently documented problems in post-disaster recovery. Donors fund priorities that don’t align with the government’s recovery plan; humanitarian funding ends before recovery financing arrives; parallel implementation systems create confusion and waste. Countries that have established coordination structures before a disaster can manage this interface significantly better.,"Is there a formal platform for coordinating government recovery financing with humanitarian and donor financing? Is it active before disasters, so that relationships and procedures are pre-established?
Has the country established pooled financing mechanisms for recovery, with governance structures that align donor resources with national recovery priorities?
Does the government have a system for tracking what humanitarian and donor actors are funding against the government's recovery plan, so that gaps and overlaps are visible?
Are there pre-agreed arrangements for the transition from humanitarian to recovery financing — including who funds what during the overlap period, when humanitarian funding phases out, and how handover is managed?"
indicator,28,5,Does the country have financial instruments with pre-defined activation conditions that enable rapid release of funds?,"Whether the country has financial instruments that release funds automatically when forecast thresholds are met, enabling early action before or immediately after a disaster.","Pre-arranged instruments give governments access to funds quickly — before the disaster strikes or immediately after. In the immediate aftermath of disasters they will have access to resources they immediately need. Triggered instruments close the gap by ensuring that funding is already flowing for response and while the government is still planning for recovery, so that activities can get off the ground as soon as decisions are made rather than waiting for the financing to catch up.","Does the country have financial instruments with pre-defined activation conditions, such as parametric insurance, forecast-based financing, index-triggered mechanisms, or contingency funds with automatic drawdown rules?
Which hazards are covered? Are slow-onset hazards such as drought covered, or only rapid-onset events?
Are the instruments sized and structured to match the scale of the country's immediate needs and risk profile?
Are trigger conditions and payout levels reviewed and recalibrated based on experience and changing risk conditions?"
indicator,29,5,Are systems in place to support the recovery of livelihoods after disasters?,"Whether the country has pre-established mechanisms to help people whose livelihoods are damaged or destroyed by disasters — including the ability to identify who is affected, reach them, and deliver support so they can resume productive activity.","In most lower-income countries, the majority of the disaster-affected population depends on livelihoods outside the formal economy. When a flood destroys a subsistence farmer's seed stock, or a cyclone sinks a fishing community's boats, or drought forces pastoralists to sell their herds, the harm is immediate and often prolonged. Livelihood losses drive affected households to draw down savings, take on debt, and pull children from school — decisions that have lasting consequences for their longer-term welfare.","Which population groups are covered by livelihood recovery systems — and which are systematically excluded? Are subsistence farmers, pastoralists, fisherfolk, informal traders, home-based workers, and daily wage labourers all reached?
What types of support are available — cash transfers, asset replacement, input subsidies, cash-for-work, market access support?
Are these instruments pre-designed and ready to activate, or assembled after each disaster?
Are there specific provisions addressing the barriers women face in accessing livelihood recovery support?
Do programmes support people in transitioning to more resilient livelihoods (e.g. skills training, vocational support, etc.)?"
indicator,30,6,Does the country have pre-defined criteria and systems to identify and prioritize disaster-affected households for recovery support?,"Whether the country has agreed rules for deciding which disaster-affected households receive recovery support, what type of support they get, and in what order of priority.","Without pre-defined targeting criteria, governments must design eligibility rules under pressure after a disaster — a process that is slow, inconsistent, and prone to political interference. Pre-defined criteria reduce delays, improve fairness, and make it harder for recovery support to be captured by non-priority groups.","Are there documented criteria for recovery support — defining who is eligible, for what types of assistance, and in what priority order — that can be activated quickly after a disaster?
Do the criteria reach people outside the formal economy, such as informal workers, unregistered households, and people in informal settlements?
Do the criteria cover different types of recovery support — housing, livelihoods, cash assistance, essential goods?
In past disasters, which groups were systematically not reached by recovery support, and why? Have the criteria been revised to address those gaps?"
indicator,31,6,Does the country have pre-established disbursement procedures to deliver recovery support to disaster-affected households?,"Whether the country has pre-established procedures for delivering recovery support to affected, who is responsible for managing each stage of the process, what safeguards are in place, and how the system will function when normal infrastructure is disrupted.","Recovery support that arrives weeks or months after a disaster arrives too late. By then, affected households have already exhausted savings, taken on debt, pulled children from school, and sold assets at distress prices. The speed and reliability of disbursement depends on whether procedures are designed before a disaster or improvised after one. Pre-established procedures, with agreed channels, clear responsibilities, built-in safeguards, and backup arrangements for disrupted infrastructure — consistently deliver faster and more equitably than systems assembled under pressure.","Are disbursement procedures documented and approved before a disaster?
Can the country's existing methods for delivering recovery support reach all affected populations — including people without bank accounts, people in areas where infrastructure may be disrupted, and people in remote or hard-to-access locations?
Are there pre-agreed timelines for disbursement to reach households?
Is there a system for tracking what each household received and when, that can operate at scale and provides safeguards against fraud and diversion under emergency conditions?
Are there complaint mechanisms for households that did not receive support, received incorrect amounts, or experienced delays?"
indicator,32,6,"Has the country established pre-disaster arrangements with the private sector that define roles, responsibilities, and operational procedures for disaster recovery?","Whether there are formal agreements between government and private sector actors that set out what each will do during recovery, on what terms, and how they will coordinate with government-led operations. These can include, for example, pre-negotiated frameworks and contracts, memoranda of understanding, public-private partnerships, or standing agreements for supply of materials and services.","The private sector controls most of the construction capacity, supply chains, and logistics that recovery depends on. Without pre-disaster arrangements, governments spend weeks or months negotiating contracts that could have been ready to activate.","Does the country have pre-disaster arrangements with the private sector for capabilities the country is most likely to need in recovery (e.g. construction, logistics, debris/waste management, telecommunications, financial services, and supply of essential goods)?
Are there standard operating procedures that both government and private sector partners can activate after a disaster — so that each side knows what to do, when, and how to coordinate?
Are the arrangements tested before a disaster?"
indicator,33,6,"Does the country have policies and programmes to support business continuity planning in the private sector, including for small and medium enterprises?","Whether the government actively supports businesses, especially SMEs, in developing their own continuity plans so they can survive and resume operations after a disaster.","When businesses fail after a disaster, the economic damage compounds — jobs are lost, supply chains break, services disappear, and communities lose the economic base they need to recover. Many small and medium enterprises never reopen after a major disaster. Business continuity planning helps businesses survive the initial shock and resume operations faster, which in turn supports the broader recovery of livelihoods and local economies.","Does the government offer training programmes, guidance, or incentives to help businesses develop continuity plans?
Do these programmes reach small and medium enterprises?
Does the country keep data on the proportion of businesses in the country with continuity plans?
Are women-owned businesses, youth enterprises, and businesses in economically marginalised areas specifically targeted for support?"
indicator,34,7,"Does the country maintain an up-to-date inventory of resources available for recovery operations, including personnel, equipment, and supplies, across levels of government and key partners?","Whether the country maintains a record of the personnel, equipment, supplies, and contracted capacity that would be available for recovery operations. This includes knowing not just what exists, but where it is, what condition it is in, and how quickly it can be mobilised.","After a major disaster, recovery planners need to know what capacity is available and where — skilled personnel, heavy equipment, construction materials, shelter supplies. Countries that maintain this information in advance can identify critical gaps before a disaster and deploy what they have faster after one.","Does the inventory cover equipment, supplies, personnel, and contracted capacity? Does it include resources held by non-governmental partners and sub-national governments?
Does it include the country's domestic construction and engineering capacity — and has the country assessed whether that capacity would be sufficient for a major reconstruction effort?
Is the inventory maintained in a form that recovery planners can query quickly after a disaster, and is it accessible to sub-national governments and implementing agencies?
How often is the inventory updated, and is there a responsible agency?
Is the inventory used to identify gaps — resource types or geographic areas where available capacity would be insufficient for a major disaster?"
indicator,35,7,Does emergency management education and training at national and local levels adequately prepare professionals for recovery planning and implementation?,Whether the professionals responsible for recovery receive training that genuinely prepares them for the distinct requirements of recovery planning and implementation?,"In most countries, emergency management training focuses heavily on preparedness and response. Recovery is either absent from the curriculum or lightly covered. The result is that when a disaster happens, the people responsible for managing recovery may not have been trained to do it. Experience shows that workforce capacity is often a meaningful constraint on recovery for countries, and training is one way to address this challenge.","Has the country assessed and identified gaps in the technical capacities of its recovery workforce?
Does recovery training exist as a distinct component of emergency management education?
Does training cover the scope of competencies required for managing recovery?
Does training reach professionals in the line ministries that would lead sectoral recovery?
Is training available at sub-national and local levels?
Is training content informed by lessons from the country's own past disaster recoveries?
Is there provision for rapid orientation training that can be deployed after a disaster?
Does the country assess the efficacy of its training programmes?"
indicator,36,7,Does the country identify and enable the adoption of appropriate technologies to support recovery planning and operations?,"Whether the country has assessed where technology can improve its recovery operations, including speed, efficiency, targeting, and quality, and whether it provides the enabling environment for their adoption where appropriate.","Technology can improve recovery operations in multiple ways, including accelerating damage assessment, improving the targeting of support to affected populations, enabling real-time monitoring of reconstruction, and strengthening the use of evidence for recovery planning with risk information, hazard data, and data from past disaster impacts. The value depends on whether the technology is suited to the country's context. The question is not whether a country has the latest tools, but whether it has identified where technology adds value and put in place what is needed for that technology to be used well.","Does the country identify recovery challenges where current or emerging technology could improve operations?
Does it evaluate whether technologies are proven, appropriate to its context, cost-effective, and sustainable before adopting them?
Is there domestic capacity to operate, maintain, and sustain new technologies — including the ongoing costs?
Are the conditions in place for technology to be adopted — including clear rules on their use, the ability for agencies to acquire them, and standards that allow different systems to work together?
Has the country identified barriers to the uptake of appropriate technology in recovery operations, and is it taking steps to address them?"
indicator,37,7,"Does the country have technical guidelines and decision criteria for post-disaster housing repair, retrofitting, and reconstruction?","Whether the country has pre-established guidance for deciding what to do with damaged housing after a disaster, repair, retrofit, or demolish and reconstruct — and the criteria for making those decisions.","After a major disaster, decisions about damaged housing must be made for large numbers of buildings under time pressure. Pre-established guidelines and decision criteria allow these assessments to be made quickly and consistently at scale, help avoid unnecessary and costly decisions to demolish buildings that could be safely repaired or retrofitted, and give homeowners and communities clarity about what will happen and why.","Do guidelines exist and are they accessible to the people who use them?
Do they cover repair, retrofit, and reconstruction with clear criteria for deciding which applies?
Do they address the country's main hazard types?
Is there a structured assessment process that different assessors can apply consistently?
Do they require that reconstructed housing meet improved resilience standards?
Are those standards achievable and affordable for affected households?
Do they address owner-driven reconstruction with appropriate technical support?
Is there a system for verifying that reconstruction complies with the standards?
Are practical tools available to practitioners — standard designs, compliance checklists, cost guidance?"
indicator,38,7,"Does the country have technical guidelines and decision criteria for post-disaster repair, retrofitting, and reconstruction of critical infrastructure?",Whether the country has pre-established guidance for deciding what to do with damaged infrastructure after a disaster.,"After a disaster, decisions about infrastructure repair and reconstruction drive the largest share of recovery expenditure and determine how quickly essential services are restored. Pre-established technical guidelines and decision criteria allow rapid triage of damaged assets, rational allocation of resources across competing demands, and consistent application of resilience standards. Countries that have these in place before a disaster can begin technical assessment immediately rather than spending the first months deciding how to decide.","Do technical guidelines exist for post-disaster infrastructure decisions — covering key sectors such as health, education, transport, water, power, and communications?
Do the guidelines cover the full decision spectrum — repair, retrofit, and reconstruction — with criteria for determining which option applies?
Do they address the country's main hazard types with sector-specific technical requirements?
Is there a pre-established framework for prioritising which infrastructure to restore first — based on criticality, the number of people affected, and how failures in one system cascade into others?
Is there a system for verifying that reconstructed infrastructure meets the required standards?"
indicator,39,7,"Is recovery training available and accessible to civil society organisations, volunteers, and community members?","Whether people outside government — community volunteers, local NGOs, civil society groups — can access training that helps them play an active role in recovery, from practical skills like safe construction and damage assessment to understanding how the recovery process works, what to expect from government, and how to hold recovery actors accountable.","In most disasters, communities are on the frontlines of the recovery process. Training that reaches beyond government professionals to community members, volunteers, and civil society organisations can build practical capacities, enable communities to develop a vision for their recovery and building back better, and give them a clear understanding of how the recovery process works and what they can expect from it.","Are recovery training programmes available to people outside government — and is provision consistent or dependent on time-limited projects?
Does the training cover practical recovery skills relevant for civil society and community level actors?
Does the training include resilient construction to support owner-driven self recovery — given that in many countries, most post-disaster housing is rebuilt by the owners themselves?
Does the training help communities understand the recovery process — what support is available and how to access it, what the timelines are, and how to seek accountability if commitments are not met?
Are there specific measures to ensure women, youth, persons with disabilities, and difficult to reach populations can participate?"
indicator,40,7,Does the country have the systems and trained personnel to collect and manage recovery-relevant data before and after disasters?,"Whether the country has the people, tools, and procedures in place to collect and manage the data needed for recovery — from initial assessment through to monitoring progress.","Recovery depends on data at every stage. Before a disaster, baseline data on assets, vulnerable populations, and exposure provides the reference point against which damage is measured, needs are assessed, and progress is tracked. Without it, there is no way to know what was lost, who was affected, or whether the country is “building back better”.","Does the country maintain pre-disaster baseline data on key assets, vulnerable populations, and exposure — and is it current enough to be useful after a disaster?
Does the country have data collection systems to support the recovery process — not just immediate post-disaster damage assessment, but ongoing data collection through the recovery period?
Are there enough trained personnel to handle data collection and management before/after a major disaster?
Can data collected by different agencies and levels of government be brought together and compared — using common tools, formats, or standards?
Is recovery data used to make decisions — to prioritise areas, allocate resources, and track progress?"
indicator,41,7,Does the country use disaster risk projections and scenarios to inform recovery planning?,"Whether the country uses projections of what future disasters might look like — their scale, location, and impact — to shape how it prepares for recovery.","Risk projections tell a country what recovery could look like after a major disaster — how many homes might be destroyed, how infrastructure could be damaged, which populations would be most affected, and what the financing gap would be. This information shapes the practical decisions that define recovery readiness: how much financing to pre-arrange, what capacity to build, where to pre-position resources, and what reconstruction standards to set.","Does the country have projections of what major disasters could look like — their likely scale, geographic footprint, and sectoral impact?
Do projections cover the country's main hazard types, and do they account for how risk is changing?
Are projections used to estimate what recovery would require across a range of scenarios, including worst case scenarios — covering the number of homes damaged, infrastructure affected, and the direct and indirect costs?
Do projections inform the pre-positioning of recovery capacity — such as pre-arranged financing, construction agreements, stockpiled materials, or trained personnel?
Do projections account for the possibility of cascading or concurrent hazard events?"
indicator,42,8,Are community-based and civil society organisations formally included in recovery planning processes at sub-national levels?,Whether local civil society and community organisations are meaningfully engaged in recovery planning processes at sub-national levels.,"Recovery that is designed without the participation of affected communities risks missing their needs and priorities, misallocating resources, and losing the trust needed for successful implementation.","Are community-based organisations and local civil society included in recovery planning processes at sub-national levels, e.g. through seats on committees, mandatory consultation requirements, or other arrangements? Informally or formally?
Is this inclusion mandated by policy, or dependent on the decisions of individual local government officials?
Does participation include a range of community voices — including groups representing women, persons with disabilities, and youth?
Do recovery planning processes include the direct participation of disaster-affected communities and marginalised groups?
Do communities receive information about recovery plans, budgets, and progress in their area?"
indicator,43,8,"Are domestic builders, engineers, and construction workers trained in resilient construction practices?","Whether the country's construction workforce has the skills to rebuild to resilient standards after a disaster, in sufficient numbers to deliver reconstruction at the scale required.","After a major disaster, the quality and pace of reconstruction depends on the skills of the people doing the building. If too few workers can build to resilient standards, reconstruction either slows down or standards slip. In many countries, the majority of post-disaster housing is rebuilt by homeowners and local builders — making their skills a direct determinants of whether the country actually builds back better or simply rebuilds.","Has resilient construction training reached a sufficient share of the domestic construction workforce — builders, masons, carpenters, engineers — to sustain a major reconstruction effort?
Does training reach traditional builders, informal construction workers, and people in rural and disaster-prone areas?
Is there a qualification system that certifies the trained workers?
Is training ongoing — so that it keeps pace with updated standards and reaches new entrants to the construction workforce?
Are there mechanisms to rapidly scale the trained workforce if needed after a disaster?"
indicator,44,8,Do sub-national governments have authority to make recovery planning and implementation decisions?,"Whether national governments have decentralized authority to make recovery decisions, and whether that authority is defined in advance and supported by the capacity to act on it.","Sub-national governments are closest to affected populations, local conditions, and the local economy. Where they have sufficient authority and capacity, they are well-positioned to make recovery decisions in the best interests of their communities. But the appropriate balance between national and sub-national decision-making depends on the country's governance structure, size, and the capacity that realistically exists at each level.","Is the division of recovery decision-making authority between national and sub-national government clearly defined — and does it reflect the capacity that realistically exists at each level?
Is sub-national authority for recovery defined in law or policy?
Where sub-national capacity is limited, are there arrangements for national government or regional groupings to provide support without removing local input from the process?
Are there programmes or mechanisms to build the recovery planning and implementation capacity of sub-national governments before a disaster?
Do sub-national governments have the financial autonomy and fiscal tools to act on their recovery authority — or does funding depend on national allocation?
Are affected communities able to participate in sub-national recovery planning processes?
In countries with federal structures or autonomous regions, are recovery decision-making arrangements clearly defined for all territorial units?"
indicator,45,8,Do sub-national governments have the financial autonomy and fiscal tools to manage recovery planning and implementation?,"Whether sub-national governments have their own fiscal capacity for recovery — budgets, borrowing powers, procurement authority — not just funds transferred from the centre.",Decision-making authority without money is empty. Sub-national governments that have been delegated recovery responsibilities but lack the fiscal tools to act are unable to translate authority into action — and recovery waits for central transfers.,"Do sub-national governments have their own revenue sources that can be directed to recovery — or are they entirely dependent on transfers from the centre?
Can sub-national governments borrow for recovery, or are borrowing powers restricted?
Do sub-national governments have contingency funds or reserve budgets that can be activated for recovery?
Do sub-national governments have simplified or emergency procurement procedures that can be activated for recovery, or are they bound by standard timelines?
Has the country considered where procurement authority for recovery should sit — national, sub-national, or a mix — and whether procurement practices support local economic recovery?
Can sub-national governments reallocate existing budgets toward recovery without central approval?
Are poorer sub-national jurisdictions disadvantaged by reliance on own-source revenue — and are there equalisation mechanisms to ensure that fiscal capacity does not determine recovery quality?
Do sub-national governments with limited financial management capacity receive technical support alongside fiscal authority — so that money can be managed properly?
Is there transparency in how sub-national governments spend recovery funds — and can affected populations access that information?"
indicator,46,9,Does the country have pre-positioned recovery supplies and pre-negotiated logistics agreements for rapid deployment?,Whether recovery supplies are stockpiled and logistics agreements are in place so that materials and services can be deployed immediately after a disaster.,"Sub-national governments with recovery responsibilities need fiscal tools to act on them, e.g. budgets, procurement authority, etc. Where these exist, sub-national governments may be able to begin recovery activities immediately rather than waiting. This indicator sits alongside Indicator 44 — authority to make decisions is one dimension, the financial capacity to act on those decisions is the other.","Do sub-national governments have their own revenue sources and fiscal tools that can be directed to recovery?
Do sub-national governments have contingency funds or reserve budgets that can be activated for recovery?
Can sub-national governments reallocate existing budgets toward recovery?
Do sub-national governments have simplified or emergency procurement procedures that can be activated for recovery?
Do sub-national governments with limited financial management capacity receive technical support alongside fiscal authority?"
indicator,47,9,Does the country have arrangements for supply chain resilience and rapid restoration of essential goods during recovery?,"Whether the country has planned for how to keep supply chains functioning during recovery — so that construction materials, medical supplies, food, and other essential goods keep flowing.","Recovery depends on a steady flow of materials — construction supplies, medical equipment, food, fuel. A country that has mapped its supply chain vulnerabilities, identified alternatives, and made arrangements with suppliers before a disaster can keep goods flowing when primary routes and sources are disrupted.","Has the country mapped the supply chains for goods critical to recovery and identified where they are vulnerable to disruption?
Are alternative suppliers and transport routes identified for when primary supply chains fail?
Are there pre-established agreements with private sector suppliers and logistics providers for the supply of critical recovery goods?
Are there agreements with regional or international suppliers for emergency procurement of critical goods?
Are there mechanisms to prevent price gouging and hoarding of critical recovery materials after a disaster?
Can supply chains deliver recovery goods to remote, rural, and hard-to-reach areas?
Do supply chain plans account for materials appropriate to local construction practices and cultural preferences?"
indicator,48,9,Are policies and plans in place to ensure continuity and recovery of essential services and critical infrastructure across key sectors?,"Whether there are plans to keep essential services running during and after a disaster — and to restore them quickly across health, education, water, energy, agriculture, transport, and communications.","Essential services — health, education, water, energy — are the foundation on which all other recovery depends. Their rapid restoration determines whether a disaster becomes a temporary disruption or a prolonged crisis.","Are continuity and recovery arrangements in place across all key sectors — whether through an overarching national plan, coordinated sector plans, or both?
Are continuity and recovery plans tested through exercises or simulations?
Has the country mapped how its infrastructure systems depend on each other — so that sequencing after a disaster accounts for how failure in one system affects others and affects recovery plans?
Does the health sector have a continuity and recovery plan — covering facilities, supply chains, staffing, and mental health and psychosocial support?
Are there plans for restoring education services after a disaster — including arrangements for when school buildings are used as shelters?
Are there continuity and recovery plans for water supply and sanitation systems?
Does the energy sector have recovery plans with priority restoration sequences for critical facilities?
Are there plans for agricultural recovery — covering both subsistence and commercial agriculture?
Are there plans for rapid restoration of transport networks and communications infrastructure?
Are the most vulnerable and hardest-to-reach populations specifically addressed in service restoration plans — or do plans default to restoring services where they are easiest to reach first?"
indicator,49,10,Does the country maintain pre-disaster baseline data to support post-disaster needs assessment and recovery planning?,Whether the country collects and maintains the data it would need to quickly assess damage and plan recovery after a disaster — the pre-disaster picture against which losses are measured.,"After a disaster, recovery planners need to know what existed before to understand what was lost, set recovery targets, and measure progress.","Does baseline data exist across the sectors most relevant to recovery ? Are there significant gaps?
Is baseline data available at the geographic resolution needed for recovery planning — district, municipal, or community level — or only at the national level?
Does baseline data capture interdependencies between critical systems — for example, how power disruption affects water, health, and communications — to inform recovery sequencing?
Is baseline data disaggregated by sex, age, disability, and other vulnerability characteristics — so that differential impacts can be assessed immediately after a disaster?"
indicator,50,10,"Does the country have a multi-hazard early warning system that reaches all populations, including the most vulnerable?",Whether the country can warn all its people — including the most isolated and vulnerable — about incoming hazards across multiple threat types.,Effective early warning reduces the scale of damage and therefore the scale of recovery needed. A warning system that reaches all populations — including the most isolated and vulnerable — is the most cost-effective investment in recovery readiness.,"Does the early warning system cover all relevant hazards for the country? Are there significant gaps?
Do warnings reach all populations in time to act — including people in remote areas, informal settlements, and places with poor telecommunications?
Are warnings delivered through multiple channels so that no single point of failure blocks communication?
Do warnings include clear guidance on what people should do?
Are warnings linked to pre-planned actions by government — such as pre-positioning supplies, activating shelters, or triggering financial instruments?
Is the system tested regularly? Are there feedback mechanisms to learn and improve ?"
indicator,51,10,"Is disaggregated data — by sex, age, disability, and displacement status — used across recovery assessment, planning, and monitoring?","Whether recovery assessments, plans, and monitoring break down information by sex, age, disability, and displacement status — so that unequal impacts are visible and responses can be targeted.","Disasters affect people differently — not only by sex, age, disability, and displacement status, but by their pre-existing vulnerabilities. Without disaggregated data, these differences are invisible — and recovery programmes treat everyone the same, missing those who need the most support.","Is disaggregation by sex, age, disability, displacement status, and other relevant characteristics standard practice across sectors and agencies, or does it depend on who collects the data?
Is disaggregated data used to support recovery decisions?
Are recovery outcomes monitored by group — so that it is clear whether women, persons with disabilities, displaced people, and other groups are progressing with recovery?"
indicator,52,10,Do housing and infrastructure design standards integrate multi-hazard risk assessments?,Whether building codes and infrastructure design standards account for the hazards the country actually faces and whether these standards are enforced in practice.,Building codes and design standards determine whether what is built or rebuilt can survive the next disaster. Countries with risk-informed standards that are enforced in practice can build resilience into new construction and to post-disaster reconstruction. This a direct determinant of whether recovery reduces future risk or recreates it.,"Do national building codes and infrastructure design standards address the country’s main hazards?
Are standards based on current risk assessments? Are they reviewed and updated to reflect new risk information, climate projections, and lessons from recent disasters?
Do standards apply to all construction?
Are risk-informed standards actually enforced, e.g. through building permits, inspections, and compliance monitoring?
Are there enough qualified inspectors and engineers to enforce standards, particularly after a disaster?
Has the country defined what building back better means in practical terms for housing and infrastructure — with specific standards, designs, or specifications that practitioners can apply in reconstruction?"
indicator,53,10,"Does the country maintain a national disaster risk database — integrating hazard, vulnerability, and exposure data — that is used in recovery planning?",Whether the country has a central repository of risk information that recovery planners actually use.,"Recovery planners need to know where risk is concentrated — which areas, which populations, which infrastructure. A national risk database that integrates hazard, vulnerability, and exposure data is foundational for evidence-based recovery planning and prioritisation.","Does the database integrate hazard data, vulnerability data, and exposure data?
Does it cover the country's main hazard types? Are there significant gaps?
Is data available at the geographic resolution needed for recovery planning — district and community level, not just national averages?
Is risk information used to inform pre-disaster recovery planning?
Can recovery planners access the database easily and in a usable format — or is it locked in specialist systems?"
indicator,54,11,"Does the country have guidelines and protocols for disaster loss and damage tracking, including both economic and non-economic losses?","Whether the country has standard methods for recording what a disaster destroyed and damaged, including losses that don't have a price tag — health, social cohesion, cultural assets, ecosystems.","Systematic loss and damage tracking is the evidence base on which recovery decisions rest. Countries that have standard methods for recording what a disaster destroyed — across both economic and non-economic dimensions — can plan recovery, allocate resources, measure progress, and build the historical record that informs future readiness.","Are there national guidelines that define how disaster losses and damages should be recorded — what categories, what methods, what level of detail?
Do guidelines cover both economic losses and non-economic losses?
Are guidelines compatible with international methodologies where relevant?
Is data collected at the geographic and sectoral resolution needed to inform recovery planning — or only at aggregate national level?
Is loss and damage data disaggregated — by sex, age, disability, and income level?
Is loss and damage data systematically archived and used to inform future recovery planning, risk financing, and reconstruction standards?"
indicator,55,11,Can government data systems share and integrate recovery-related information across ministries and agencies?,"Whether different government agencies' data systems can talk to each other — sharing damage figures, beneficiary lists, expenditure tracking, and progress reports across ministries and levels of government.","Recovery requires a cross-government picture: how much damage in which sectors, who is affected, what resources are available, what has been spent, what progress has been made. This information typically lives in separate systems across separate ministries. Countries that address data interoperability before a disaster can assemble that picture quickly.","Do key ministries involved in recovery use data systems that can share information — whether through a shared platform, integration layer, or agreed exchange mechanisms?
Are data definitions, formats, and classification systems compatible across government — so that information from different ministries can be combined and compared?
Has the country identified before a disaster which data systems will need to communicate during recovery and what the barriers are?
Are there agreements or protocols for data sharing between ministries during recovery — including what data will be shared, in what format, etc?
If interoperability is not feasible, are there practical workarounds?
Is there technical capacity within government to manage data integration?"
indicator,56,12,Does the country have formalized mechanisms to integrate lessons from past recovery experiences?,"Whether the country has a structured process for reviewing recovery experiences and translating lessons into changes to policies, programmes, and procedures, so that learning is institutionalised.","Countries that do not learn from past recoveries repeat the same mistakes. Formalised learning mechanisms ensure that hard-won experience is captured and feeds back into improved policies, plans, and practices for the next event.","Does the country have a policy to conduct after-action reviews after recovery processes, examining how recovery was managed?
Are reviews conducted across sectors and agencies — so that coordination gaps and cross-sector issues are captured? Are lessons shared across government?
Are reviews conducted while experience is still fresh and relevant staff are still in post?
Is there a process for documenting lessons learned and making recommendations for policy, process, or programmatic adjustments?
Is there documented evidence that lessons from past recoveries have led to specific changes in policies, plans, or procedures?
Are affected communities' and other stakeholders’ perspectives included in review process?"
indicator,57,12,What is the country’s level of participation in international recovery knowledge exchange platforms or initiatives?,Whether the country participates in international recovery learning — and whether what it learns actually changes how it does things at home.,"International engagement exposes practitioners to approaches, tools, and lessons from other contexts — but only if learning is translated into domestic practice rather than remaining at the conference level.","Does the country actively engage with the international recovery community — through knowledge platforms, forums and conferences, peer exchanges, or regional networks?
Is there a process for translating what is learned internationally into applications in domestic policy or practice?
Does the country engage in South-South and peer-to-peer learning with countries facing similar hazard profiles and institutional contexts?"
indicator,58,12,Does the recovery framework include public grievance redress and audit mechanisms?,"Whether people affected by recovery decisions can raise complaints and get a response, and whether independent audits check that recovery resources are used properly.","Recovery programmes that operate without grievance mechanisms or independent oversight are vulnerable to corruption, exclusion, and loss of public trust. Accountability mechanisms protect both affected populations and the integrity of the recovery process.","Can people affected by recovery programmes raise complaints or provide feedback through accessible channels?
Are these channels accessible to all affected populations?
Are complaints tracked, investigated, and addressed within defined timelines — and can complainants appeal decisions to an independent body?
Are recovery programmes subject to timely, targeted audits during implementation?
Are audit findings made public?
Is there independent oversight of recovery programmes — through an ombudsman, parliamentary committee, or civil society monitoring?"
